{"cameraMode":{"drawMode":0,"name":"Shaded","section":"Shading Mode"},"sceneLighting":false,"audioPlay":false,"sceneViewState":{"showFog":true,"showMaterialUpdate":false,"showSkybox":false,"showFlares":true,"showImageEffects":true,"showParticleSystems":true},"in2DMode":false,"pivot":{"x":-10.611675262451172,"y":11.530545234680176,"z":-0.6461496949195862},"rotation":{"x":-0.01027408055961132,"y":0.9883021712303162,"z":-0.07755148410797119,"w":-0.13091613352298737},"size":22.0,"orthographic":false}